"0","tamaramorrison@hotmail.com","pbkdf2:sha256:260000$xVNsjTFjftoPJHcg$da33bd678e0212f479002786cdcf249ed4a28ecb2ce96d709b53f8e290dcc156","Gary","Cross","True"
"1","stephenschristine@yahoo.com","pbkdf2:sha256:260000$3H3doBKGcMxzvkCA$44c360eb4ab672c6049e109d1a133cec8deacba58c94da90db7aea7e8348cef8","Chelsea","Greer","False"
"2","jacqueline78@yahoo.com","pbkdf2:sha256:260000$VilB5LKjrdHMN41t$b44835e94d93567b1b32541ccc224bbfe8cd41efc0387b3b6444f0eec97a7ac2","Jasmine","Perry","False"
"3","williamsfrank@hotmail.com","pbkdf2:sha256:260000$sevaHXKaXK1BRxzr$e193877a8146285289d8ba2de3037ba2d5a413e5564a9bcb32729f8bc0edd5ed","Melanie","Grant","True"
"4","jward@gmail.com","pbkdf2:sha256:260000$0dxyDaDzSr2Rg1ny$9dab6598dbfbe8fb97420415cb01a3b2fc77337cd785caf8a4fdcda4532ccbd3","Isabella","Hinton","True"
"5","melissayates@hotmail.com","pbkdf2:sha256:260000$Uxt3VDDbc9FBWW7G$daad31cd2df357ccaa9175d73759b86da320f0655461adae208fc94c584e1156","Joan","Atkins","False"
"6","stanleyclarke@gmail.com","pbkdf2:sha256:260000$r3AGJ9XVLkkziiTy$68a077711370fb50578e02b03ac79e55d230876f1eb8ee1e56c59737f33ee847","Ashley","Dunn","False"
"7","eric22@gmail.com","pbkdf2:sha256:260000$dlYHrypmCA7IsOSh$20cd00cef186f31ac9c8982e91da82c08bf4f6325aee1171cc5525868767043f","Melissa","Cantu","False"
"8","bramirez@gmail.com","pbkdf2:sha256:260000$XnmnZpy2Uw0xqavF$057f8adfe0a7b7b3378688657c9d8c5a1f0839a72be88239fe26cc1b324f6ba0","Christina","Smith","False"
"9","kellypeter@gmail.com","pbkdf2:sha256:260000$ff0e8aZwpK9wDFgL$557dc72b0717401bc5ea683a9d87069b261672c100cd9e018f599a084b896036","Melissa","James","False"
"10","fcarpenter@yahoo.com","pbkdf2:sha256:260000$m5DT3c3g9OpNlFNU$5d9918e81b5057d5ff677c25bbe9e4982740f5907936eef2c7347429f8b84644","Amanda","Schultz","True"
"11","allenmargaret@gmail.com","pbkdf2:sha256:260000$ZsTYNQ3WuXdwpDJk$04a751bd874c0154358f10c032b8f50a936d4bda0a11c9a6d301099aa11cefa9","Danielle","Daniel","False"
"12","jeffrey31@hotmail.com","pbkdf2:sha256:260000$mH6No2vKppyen58o$c8ab6aa812d335ba1496a1f2b3d51c342b3826d7eb289d80643c44dd130fb53d","Alan","Mendez","True"
"13","cooperelizabeth@gmail.com","pbkdf2:sha256:260000$An12OFvNYbe31fWL$b72ca6c1e2848a00b6ec2c06a376bc0164d5c74c3ef00c1f388c36f40eeef511","Matthew","Perez","True"
"14","bryantjennifer@yahoo.com","pbkdf2:sha256:260000$VosaHh6km6ahaivU$5d9635bf3d7d97360f4ffd5f8b98c76c8cce671a8bd78eaa1329eeee011abf21","Oscar","Bennett","True"
"15","rfischer@yahoo.com","pbkdf2:sha256:260000$rxeocvYL415sud2j$ce3308c0b688b92d10544f6759f8cf41713a4efe661da6fcfb434f8db219e50d","Brenda","Williams","False"
"16","vasquezkathryn@gmail.com","pbkdf2:sha256:260000$C4nAE29B5tZyHUTM$01bf9ddfc7b718416d1a08141caed340aebdfdf0545b5d4cf58a39db9abca52a","Cynthia","Reeves","True"
"17","kimberly87@gmail.com","pbkdf2:sha256:260000$Pm5nsU0lHkOH9n5x$74d0313720f4174eef377f7d476e8c3e8ccd0d4d4d55ca7020a9598341b7cbdf","Kyle","Powell","True"
"18","morriskrystal@hotmail.com","pbkdf2:sha256:260000$ANv2ZrSXPnGXkcFT$0841c78c114d9e7090f8cd2ef061b89d3421b6cb299f0d3a6dcedd587cfa7f50","Lindsey","Oliver","True"
"19","emilyjames@gmail.com","pbkdf2:sha256:260000$Yf46A7e6o3uCU3PI$707e12212e596f30b0a186cf5fe15076eba4cfd342f2e9289d409e3934b17782","Carla","Fisher","True"
"20","michaelanderson@hotmail.com","pbkdf2:sha256:260000$m3ibsvbrWYQF79KT$3f7804c67832448e09d0ef57f31e8521c8ebf3e17b29be197a88e113f2b92237","Gilbert","Jenkins","False"
"21","deleonwilliam@gmail.com","pbkdf2:sha256:260000$U9PqOIcowhx3lFaG$b11da329ba65c64a4066e7c2b584fcc517f8ebb1279ae85f20bd2b9ea9d65243","Maria","Harris","False"
"22","joshua07@yahoo.com","pbkdf2:sha256:260000$SRyM5rTsBmFURVx2$cdaad706bfa079d34d7c5a27d9e843991a83468412ce025cdba680879c1c6de0","Heather","Davis","True"
"23","leonardsutton@gmail.com","pbkdf2:sha256:260000$8EHt743oFnBAFTbi$bb8ef8ebde96be9198a09c46d6d336af6dc0fc5cadfe95c654800267efb2c6c0","Patrick","Spears","True"
"24","gmiller@yahoo.com","pbkdf2:sha256:260000$8Li6xjJdOETelHQm$88354ab7dacc695bf58399dbd6b729bbfda7d0c995f07aa8506d151747ffdcc2","Lisa","Hopkins","False"
"25","sanchezrebecca@yahoo.com","pbkdf2:sha256:260000$cjtgMqUvqROowWqd$82407262c549ce84d07bff8a4ad8dc5bd4a35483518a987ca0742cc1eb1e6c08","Amber","Vaughan","False"
"26","jeremy94@gmail.com","pbkdf2:sha256:260000$y12rGubn41CVT69y$d3aca2ca47eeb387c4ec45ac4fa13a1a4fbad2897bda0e58ae9ef7c7dcec6f47","Damon","Jensen","False"
"27","heatherhayden@yahoo.com","pbkdf2:sha256:260000$uHqSqBZhKwDHtVj5$e0c688500cd328eb5d5a6c942f975215d8303b0d1f5f6735269002f9543527c7","Zachary","Garcia","True"
"28","preyes@gmail.com","pbkdf2:sha256:260000$EBOFAKNwmFUUuIQ8$9f7f9ef1f763cb622a9dac1e463831dbaf9cb1b6b13e72ee6fabc8e1bc9dcfa2","Amy","Price","False"
"29","dixoncarl@yahoo.com","pbkdf2:sha256:260000$cW5h3IzkaxuzHCIJ$bc683bd41e1c90530c7cc0d131a5e8c9c2edb7dde735e503b829d51b39a6c64d","Jasmine","Cruz","True"
"30","tatealexis@hotmail.com","pbkdf2:sha256:260000$Ds4UHQ88Bgu7e1DA$118d4988378c19fe1ac192642717abb6d3f23aa1d550695cd1a779bc59c13ad1","Veronica","Harding","True"
"31","vschneider@gmail.com","pbkdf2:sha256:260000$dTvk0kAkICujaL1N$3674a0387708feffcbd76f5ea1f16539efa4156d734aa4b6f8a458089a76a149","Brian","Kelly","False"
"32","harnold@gmail.com","pbkdf2:sha256:260000$MBa9wrLnmaYBIoYL$eb03cc29aa97eb4201ccd252e26037e28c4e87e88850b81a34503b0037080c57","Ashley","Cook","False"
"33","blewis@hotmail.com","pbkdf2:sha256:260000$W9BH7TZj6b8tyZcQ$217c0a972778ef9c7266f79f87aca146eef0d2426af2aed9fd34fad281bf660b","Ashley","Williams","False"
"34","hbrown@gmail.com","pbkdf2:sha256:260000$TOL8QsKZBeOJImHr$7813435d166b20bbd5fa80e9fc17743ae15c13c0c10e105b17918098a3d022ad","Ann","Crawford","False"
"35","barnesdustin@hotmail.com","pbkdf2:sha256:260000$ic1u0IW6dr5Vq2o0$5a3b12359c6feba8fe81efc2a33aac55b0a7550235f694450be54df92d762a41","Chad","Bridges","True"
"36","palmercassandra@hotmail.com","pbkdf2:sha256:260000$MtuEF5AHygUuOgcf$5b6247323be11739de2b7cefc3ba111cb9a6797df80bb9fa36df314a681d3b1e","Dalton","Fritz","True"
"37","jfoster@yahoo.com","pbkdf2:sha256:260000$1bdsenUtE0ivF4VH$e2b0c3bc11c641611d43d6a580bb716a9efff6caf21bd8cf46f2ef6d03d4c219","Sherry","Vincent","True"
"38","tbraun@gmail.com","pbkdf2:sha256:260000$PsqOqDDLKepqIlSJ$e648b1cc45b1884415c6cbb87ee4fc5c7f7031340a1a8a15c61cdde0cfd8185b","Mario","Shelton","True"
"39","heatherclark@yahoo.com","pbkdf2:sha256:260000$PWKyTbJ5iPJgknQB$19c3ea21e99fe6149ab2f139b2d6e22a84a21c0f712e46eed30b8bc768625a9d","Patricia","Dixon","False"
"40","pamela18@hotmail.com","pbkdf2:sha256:260000$9XMusNrKRr8jFxW2$a7213657a6649e8e7491501c3d69c3f9732999e7c289dc86516c36a7dce213a2","Kelsey","Grant","False"
"41","qbraun@gmail.com","pbkdf2:sha256:260000$a6jlREgfF4ae7Ucc$91abf60842409f1431dfb8fda3abc2c26dcbb8b07de19889cc37896b6adef125","Alexander","Wells","True"
"42","gmoore@hotmail.com","pbkdf2:sha256:260000$LSVEYcYwjKfFmeba$95a1024e1a664247defea3fd022e4c263489dcf9cfb50c440e4b433e8da4f19c","Crystal","MD","True"
"43","fdixon@hotmail.com","pbkdf2:sha256:260000$qqtFsfg4XIXACGjJ$c8484fbee564112630007aeddc4d9d19a86912cb8526b7b20ea129c0f0a28c5f","Kristina","Flynn","False"
"44","rsmith@yahoo.com","pbkdf2:sha256:260000$6ppXjLPYIvNiGpJ5$9e594bfc3f4d2b3ab27f814f622a3d64300caa4f34c733ad2774ff62314de027","David","Lopez","False"
"45","johnny46@hotmail.com","pbkdf2:sha256:260000$79VIOLlB1vxX5t8Y$c55f7af8f2194b3d2fc2f006a179612128545df1c762f1434a00005bdd037040","Timothy","Kerr","False"
"46","taylorsteven@gmail.com","pbkdf2:sha256:260000$ocuCCZTaknYyWhVu$dfb8737543fd388eaa70509cab37bd2a744c5e9372ce6e9d355f21800e12bf64","William","Burns","True"
"47","fbenjamin@hotmail.com","pbkdf2:sha256:260000$4UqJDo4ovyn6Wjzs$c8dbba7a078d6769b59cbfb639d924e35cbd9131d68c5b2eec52ce35052a09df","Christopher","Guerrero","True"
"48","josephmason@hotmail.com","pbkdf2:sha256:260000$c3YjYCCyCnwLLXUo$663609a7a36214881ebae4cb9aa4c6341ad54f4648a9201670e199de768b8603","Kathryn","Noble","False"
"49","richard56@yahoo.com","pbkdf2:sha256:260000$neojoljegDtPOEl1$fd795e52dceae1289620a506a5f6b3abc263fee4e738fc0a05efa592a113ad85","Daniel","Cortez","False"
"50","fosterbryan@yahoo.com","pbkdf2:sha256:260000$1wLNfxLICT3HsZNb$f1ded1216bf1166799a03fa82313c9d19f91049cb5c25e7c403297e241ac156d","Laura","Morrison","False"
"51","anthonyvincent@yahoo.com","pbkdf2:sha256:260000$p9OJQAzHAwAtFZyi$8f638f6b58901aaca74cb6c6a9acdfda693190ddeef99623ff88fa44416ae27d","Renee","Moore","True"
"52","sawyersamuel@yahoo.com","pbkdf2:sha256:260000$ckC04sED6jlGEyfV$3978d8b3e775d87fdd8d946ff6a516d3e286c62e11656af2ce44c026e5f6652d","Alyssa","Farley","False"
"53","gstone@yahoo.com","pbkdf2:sha256:260000$tCkYPoM0umq92AKh$bc3714c204e66ed4eca079dc46f40cab0f558507cab56f66cff1977284d67d4a","Alexis","Williams","False"
"54","kevinflores@gmail.com","pbkdf2:sha256:260000$i0VDmRromVsUrLJq$0e40015706c3461e42b110e2a256c2b53ccb1093ad514362d265d26e4d195df8","Jasmine","Castro","False"
"55","gordon43@hotmail.com","pbkdf2:sha256:260000$TxQGgkC3yD7xmF3w$4fa713dcbc068437656add4b4a6f3fc9d15c0937dab2a830e4340a770f304f6c","Joseph","Williams","False"
"56","matthew91@gmail.com","pbkdf2:sha256:260000$mWKN0y8cQ1LV5eSf$cfeb416e83859c24a2f8206c488147ebe128af5770db35f8ca37dfceb256b8b1","David","Waters","True"
"57","tricia79@hotmail.com","pbkdf2:sha256:260000$TTd2g3c50jdmGs3s$f611124e0c607da7d820a616cf83e6a5b800b212df37fd6a61ae3b308cd86170","Jodi","Moore","False"
"58","kaitlyn18@hotmail.com","pbkdf2:sha256:260000$mmFapWqzcTqggGH2$7943499491049842574574aa97430986917fc573fad0a53ebffb5d6335d0d2ec","William","Mccarty","True"
"59","luis49@hotmail.com","pbkdf2:sha256:260000$FePoUuEtFBOMzhUW$71e01bd08144095948603e1b7d7b0fe2e3acebce219a56bc02545887d75337e5","Michael","Goodman","False"
"60","andrewbauer@gmail.com","pbkdf2:sha256:260000$PVMPR2KAcuwVF13L$e26a35bed173d1ddcdbe9aef8b068580519fc03a6dd5f951b16083248aa588c3","Amanda","Quinn","False"
"61","ferrellkeith@hotmail.com","pbkdf2:sha256:260000$dIg4v6f4AsBx5yxG$c7df89ce74c98cd3735b3835080c10e6e6ac9bf2c54d9937da9e58c18b7a09ba","Brent","Hernandez","True"
"62","tylerdavid@gmail.com","pbkdf2:sha256:260000$Qrm8HgEduRdEwmPO$005d56e37232ce7a448a4adab84ca8907d42db606115a02293acc053aa00c3f1","Matthew","Cisneros","True"
"63","jenkinsmatthew@gmail.com","pbkdf2:sha256:260000$0Yn3GESi63rZyu3d$de1be373a2a41663aa60186eb1dd944f0317db95c33c5834431721a95792d32b","Jaime","Rogers","False"
"64","cindydavis@gmail.com","pbkdf2:sha256:260000$pzWynTumMAEPegK3$683347c5e169bcd35328728fc1b0ba9fe220376206143a7fba2b7aa9148d7ca4","Marc","Ponce","True"
"65","angelahall@hotmail.com","pbkdf2:sha256:260000$1jwdzGNPK9npJbgx$41b7d419db034b3f4cdde76e18fba4884d4092816aa1b0dfee0dafb069b1ed95","Alexander","Peters","True"
"66","kristinperry@yahoo.com","pbkdf2:sha256:260000$XNLMd5IIUP0VP0oT$da928b8bce42450f0ae36df1cc56a10253a6003ae72d7aac61406cd787ebc187","Jennifer","Marshall","True"
"67","fheath@gmail.com","pbkdf2:sha256:260000$BjmlJLnQLdwWGCvb$7105a4dd8bc1ee9fe3f1d1c33b7794d88ac571a0232858a5eb05d49e5ac01260","Nicholas","Smith","False"
"68","patricklopez@hotmail.com","pbkdf2:sha256:260000$0rwrvKOFZkyFjzKA$559ad90d7eafde60d55ab09168acbafebe08fb5a1dcf7c97099f48ebb9edd36e","Jessica","Wilson","True"
"69","whenderson@gmail.com","pbkdf2:sha256:260000$lb7MG9jFm8kjppuU$a48604dbb8783ae49ae9a5d060c398dc936b7b15c73f45258361e4b013b8085b","Keith","Ramsey","True"
"70","diana20@hotmail.com","pbkdf2:sha256:260000$ZeCjDLWOCvfY8ieS$47d562360ed1e5d1f6cb1a5bf8bb4eb5f25eb9314a8d67bde216d0ac59d4a882","Michelle","Sutton","True"
"71","alyssa15@yahoo.com","pbkdf2:sha256:260000$xcPBIy8Zgm4WMc06$62673f32d265b975dbe14d993003e11218432377d8eb483ad2eb7a091615348c","Rebecca","Garcia","False"
"72","sydneywagner@yahoo.com","pbkdf2:sha256:260000$pMzqMra2jRmnaDlM$2e09f30532340189e6fd5c3aa576f8afd60794ace301135139ba9af4664558ce","Adam","Burns","True"
"73","jsalas@hotmail.com","pbkdf2:sha256:260000$g9Ac1IBILs7iGLRe$1b0f29397d6f712813b6a6cbc1020a5c4bc7647a7c7c3b35404736674632cd23","Randall","Ponce","False"
"74","nmorgan@hotmail.com","pbkdf2:sha256:260000$oWfVej87i5Czqmor$594147298d2a8a7df95b1b323cab6777a0f558a2369aee22da64c810525ce62d","Cameron","Woods","False"
"75","savannahsoto@hotmail.com","pbkdf2:sha256:260000$Niu0zthj2fCGVDt2$6e45df19ac85afd65d5a50a3caedec8fa691ae0f4fc420d9e9280eb87abd58ce","Megan","Nash","True"
"76","debra49@yahoo.com","pbkdf2:sha256:260000$SQD1cq3ZVcxttPWy$99b282898bd8078d502ab8a5a73d3a04c647c0f94cbd6ca74707c97d073f0a85","Cody","Morris","True"
"77","edward63@gmail.com","pbkdf2:sha256:260000$K8d75pasANzAQevB$9490a87d40c26a5b6a15a6065d6e6d59a4a538046dcdc40c1b271f3d66e2560f","Valerie","Jacobs","False"
"78","rhernandez@gmail.com","pbkdf2:sha256:260000$2M4x1rCtIaW0H7T2$70ba3d25590702efd50a41b9d4a8be2c6362a5f26d160ba6e8c15e32abeba2df","Kevin","Hansen","True"
"79","amartin@yahoo.com","pbkdf2:sha256:260000$WShCIiQNg7gAwaHp$54616a9eff923fdd613081f03974e515d669f60cf4e02a63ab259e9b0e30783f","Richard","Stewart","False"
"80","brivera@hotmail.com","pbkdf2:sha256:260000$ljXvyi5aqlN4eAwG$1fd42cf0a06fa13b022b9eaf9a3a8c20d39c27f329e2e2bb13e589a545e6eba7","Kevin","Lynch","False"
"81","malonelisa@hotmail.com","pbkdf2:sha256:260000$euFDzZcZbPXo8qBa$8b1c6ae2b38c0e2a60684f9d707507f1463748355b5265e0090b0bd428e0dc21","Kimberly","Schwartz","False"
"82","rjohnson@hotmail.com","pbkdf2:sha256:260000$ihDHmGorTEGhYQmT$520f1a17051dc37d77b1ad679e3db02cda6927d14bdf92a0a8380b36d03a3934","Brandon","Wheeler","True"
"83","christinacollins@hotmail.com","pbkdf2:sha256:260000$64SfxTAl73pjAZBU$50d2895c6545130600bd9c3489d07dc023a973456948fb36ea1381adbfefa2ce","Robert","DDS","False"
"84","christopherwilson@hotmail.com","pbkdf2:sha256:260000$wCSAZ1oMguvCMIcG$b19692f7e5c08157ccede36fdc59c817bc0ac33c4cff1a8b94c06541f694bf21","George","Butler","True"
"85","steven26@yahoo.com","pbkdf2:sha256:260000$oJH85NV1vytw42Sq$5c05576f2de54454ccd1805ecc67137f8f8cff4c1d9204ea2a75f0e1d8e357fa","Shawn","Gregory","True"
"86","amyhuff@gmail.com","pbkdf2:sha256:260000$wdOPSdMlo1fnYzY9$51a844d284b9b91140797adeae056e5928463b530c7069f68466ee824ecb2bcb","Glenda","Shelton","True"
"87","hernandezannette@gmail.com","pbkdf2:sha256:260000$VhVOl4LSJlRiL1J6$b2dc2a592c5a6ff491471f9669d79df370e3165243e50dbed6d1a8b0297cf5de","Karen","Johnson","False"
"88","upayne@hotmail.com","pbkdf2:sha256:260000$jTcfdf4LOr1TZOhl$fb67e2710360c247311ef0be9b693fa67b3d1efb20cdb2c7102aa1682099d93c","Sonya","Lucas","False"
"89","vhernandez@hotmail.com","pbkdf2:sha256:260000$EkWyh33ApeUj61jZ$7af3cae6cc0006f2d78b8558359a093655b9ffc25638fa5ff620e08170527890","Michelle","Pham","False"
"90","drakefrederick@hotmail.com","pbkdf2:sha256:260000$IgHSCNPO9tyONDbr$2b2566967388987d658dcde11fe13f902aa812bc25c0a7ed3f240f47edba99a8","Daniel","Carter","True"
"91","allenthompson@yahoo.com","pbkdf2:sha256:260000$UfZCR7NQEF0KGaWK$8c11b520c0ea327602e41b233ead708f4920b4bc2de8a941e2c3f1269a8d492d","Shannon","Smith","True"
"92","seth24@gmail.com","pbkdf2:sha256:260000$ePLbL8mG34B5wdSs$d041df0a1e082ab658cdb6d81cd24c38dc06daf44803b808feacd6b0978f309e","Michael","Wood","False"
"93","csaunders@yahoo.com","pbkdf2:sha256:260000$5gdD2XJgavrAXerr$9cd962a98f15d503321a5cbede8f476dce1c2c099006e8e356b2e16f7f579213","Brandon","Jones","True"
"94","mike86@yahoo.com","pbkdf2:sha256:260000$riSRlG8AuEVdvdKw$f0a854b871da3c18ed6db762456c6f656ee87d33a92950437b078ddbd00718b7","Brittany","Frank","False"
"95","shawnharris@gmail.com","pbkdf2:sha256:260000$O9NGImr0ZJSk2qgR$ad326b76d5485a6218e90b491d08229beb9996dba838ae9e2ef52a96fb59da12","Michele","Hall","True"
"96","christopheranderson@hotmail.com","pbkdf2:sha256:260000$79CTDEJaEoEfnfRc$6aa76c4b53b9bd42b9401bd0574be764ac8e2d5d35668de08fae7a426b770709","Kenneth","Kemp","True"
"97","robertsmakayla@gmail.com","pbkdf2:sha256:260000$Nxhf5JgxffqsrY0Q$f653a694721c6d247cf7da552f1a1c99b74ddb5039e10dfc00f0ec1d821eac69","Jennifer","Gomez","False"
"98","millercorey@hotmail.com","pbkdf2:sha256:260000$cVPbg86VYhW9pa8U$84f840870bd87dc580d7d0f6029e7b7155ecded44dd6e0b3dc00631e707ebae7","Karen","Myers","False"
"99","brandonramirez@yahoo.com","pbkdf2:sha256:260000$fwfoU4vfuOukyUFt$0ab183b7b17519225e29c13bb792220f405ef44ff437dad6a2dfd4e78924e2d6","Chelsea","Andrews","True"
