"0","tamaramorrison@hotmail.com","pbkdf2:sha256:50000$TQPaQ4yk$113deb5d8d1c78a1d5d6c9ecf58945d65e4912f7fc3b504e30a12219d3475255","Gary","Cross","True","1501","Something first drug contain start"
"1","susanlopez@gmail.com","pbkdf2:sha256:50000$RhifC3m1$372b80b1abd3c12cf714672d80d2f0657352a2ff882cd968866a6b5a022c82e0","Jacqueline","Jackson","False","1000","Name per"
"2","olopez@gmail.com","pbkdf2:sha256:50000$a2xoRdNk$30a1778a6b630031bef2a79a2fcef66b32df91f639eec9c9d933b1127adb41f1","Melissa","Moore","False","241","Wear individual about add"
"3","hoffmantimothy@yahoo.com","pbkdf2:sha256:50000$x40bEsty$df7d02ad42f5ac6b6e43d03716adb71b1bf12407dbc18391665c6cfcf4d82fdd","Chris","Cook","True","2036","Break marriage also friend"
"4","amyvelazquez@gmail.com","pbkdf2:sha256:50000$hvD0mWeL$a53d3f01ace96e6b64ac55b1829465a6d7ccc653ee5186b4d6a1bae5a318f982","Dr.","DDS","True","5272","Modern themselves"
"5","pbrown@gmail.com","pbkdf2:sha256:50000$H7dbrRTE$b9f07c0ec513e5df9d9bf71bc8297eb66a8a622d7bad0e96ad209c788b6fc5aa","John","Gibbs","True","5472","Walk loss"
"6","ujohnson@hotmail.com","pbkdf2:sha256:50000$MHxVd4L7$836c7c61561121ef3a3ba52150fb4dcc3c19a3a521ac409cddd6ff2c2ddcb2c2","Tony","Estrada","False","5775","Building reality"
"7","jyang@hotmail.com","pbkdf2:sha256:50000$dQVgnONZ$1c0098add6510bedb3d4465ca79149670533cf4d94ec6895cf1951289ea502b2","Willie","Garcia","True","5809","Easy plan"
"8","caitlinjohnson@yahoo.com","pbkdf2:sha256:50000$dqjFXHdZ$65305db15b4e50fce1935b8d4e4a33a01db6e3413f03eecd8f8b5efc74d8fc6f","Edwin","Mack","True","1936","Teacher three seven attention team"
"9","brendawilliams@yahoo.com","pbkdf2:sha256:50000$ijIf6JgD$a22798102210b896ab36d38fa37d8052918defb333bc871f18545c4eac74e4f4","Laura","Lee","False","1387","Hair sea quality"
"10","falexander@gmail.com","pbkdf2:sha256:50000$f6wxSfhp$9ba9f35e9eca931dc04884c011cd2e65c7fe7c7a246b2f5eb561f279e7da745d","Cheryl","Miller","False","2519","This degree partner stand"
"11","kathyharrington@yahoo.com","pbkdf2:sha256:50000$xAlVzHxf$075e1f75abf58f0c15e66c4ca0d1b39a89a152acb6fd555601be9bd989a923e0","Mitchell","Payne","False","3855","Staff service government"
"12","qsmith@hotmail.com","pbkdf2:sha256:50000$N7tDiZah$49d9fde7060298025012b3e32722c062f355553a1c9af8332e0b7db48330902e","Katherine","Brown","True","687","Tv important hope about catch"
"13","powelltyler@gmail.com","pbkdf2:sha256:50000$E7cOr1oc$211d341fd3ab72d52f5d36a2bb9eb9e9174a7da0aed63afd9b2919b743d2688c","Stacy","Crawford","False","4160","Reflect upon yet seven several"
"14","meganbrady@gmail.com","pbkdf2:sha256:50000$pvGYriuN$1a904bc18bb608c1ab6bc3a12873326a64ef26b4f44e3cbeb55efaeecc6b61d2","Amy","Fowler","True","5913","We no in pass"
"15","blairapril@hotmail.com","pbkdf2:sha256:50000$0z9ygIPb$1e3581ad5c616b68e2b165e65d77f0847d7e36d8336801058555d02f9db4dd4a","Hannah","Smith","True","2952","Son spend ball company"
"16","nkelly@yahoo.com","pbkdf2:sha256:50000$BXgWiEH5$033cbad6c4344f533fd0bb62773906854b2c8cb4a6605b8c21f013d91f7c511b","Kelly","Rogers","True","9219","Include air sort couple"
"17","andrewholloway@hotmail.com","pbkdf2:sha256:50000$QbFvsvdF$11006ae13ccc54e85d3cdf94d2190de7c670dd9fd92bb34f437a5f34972bbf50","John","Barron","False","773","Of challenge"
"18","carterryan@hotmail.com","pbkdf2:sha256:50000$pvpZCElC$85ba7bb8196cb09a9712f29517175cb1f00843900b2102602a090ff06b745ab3","Micheal","Munoz","True","6146","Get car party"
"19","deleonwilliam@gmail.com","pbkdf2:sha256:50000$3fQlDEps$fb6b1cbe25b07c61fe2cbfb3bd6eb9ab054d7216011456085b597293839d7fd7","Maria","Harris","False","8472","Part decade remain if"
"20","brendagonzalez@gmail.com","pbkdf2:sha256:50000$2lyP61en$7b6c75f83bb6467e9aa5d2c021a4f922a3d1ed3f9ddb57784901d91cc656e486","David","Diaz","True","1753","Nice themselves gas best"
"21","davislogan@gmail.com","pbkdf2:sha256:50000$DZRecgan$9f368aa33405f2128d46173555188ec9879c71f9fa38796bf4739639b45b9af1","Brian","Reyes","True","796","Side image enjoy rise condition"
"22","spencermorgan@yahoo.com","pbkdf2:sha256:50000$kdACiKSG$54c24b4210788278b0fdf265065635cafb6cb6a15da85ce2572d9158795ad665","Anna","Landry","True","1286","Measure star tell law go"
"23","angela30@gmail.com","pbkdf2:sha256:50000$0qjD70rX$230ad36a4a0deff3bfc96f718903d0a5de92bac867ce72f4ae2ccf45459487db","Cody","Crawford","False","3978","Them particular produce board"
"24","jeremy94@gmail.com","pbkdf2:sha256:50000$1DbCOqAt$1cf887150d0929abe5fb1d20d34138a8ffc8e574cb941afb74568d7bbdf099c4","Joshua","Miller","False","5169","Once machine western month itself"
"25","millerlori@yahoo.com","pbkdf2:sha256:50000$SuV7UJoU$cb7369e4b8475b5667f658797bc5d73833e3b57a2afc5cfb7e355f70a3661e3c","Kelly","Casey","True","575","Particularly factor"
"26","parkermadison@gmail.com","pbkdf2:sha256:50000$Paq3yvuz$7bfecdb2387197407f04b0730d1a8775d913192605a03b351971685dffb49c8d","Danielle","Beasley","False","5933","Including month matter environmental issue"
"27","maria48@hotmail.com","pbkdf2:sha256:50000$47NjHzfz$ae2909554412d6ec9ac3829b8bc627f1f1d1e72ef955f3d5ae9946cdb3a6e767","Brooke","Sanchez","True","2189","Look safe"
"28","jack27@hotmail.com","pbkdf2:sha256:50000$y7uzTOjL$e3a8bdc2e9e275dafbdfc68ba946fe1020f177d362959ad1525c1e468b8ab7dd","William","Smith","True","9614","Wait technology town approach today"
"29","edwardslori@gmail.com","pbkdf2:sha256:50000$cMuOThUH$c0598058e288cb62fd3d1893f361313d3ec9d80cf4e89b116199ab99fa564965","Nicole","Olson","True","9489","Any include try"
"30","harnold@gmail.com","pbkdf2:sha256:50000$eWb0uz6S$2f43da8d7c164227e7d2e5f41a5529e9b394ed7899cc78fbbeafa6d9aeced781","Ashley","Cook","False","6547","Finish these century alone popular"
"31","cherylstewart@yahoo.com","pbkdf2:sha256:50000$Slks7wRb$d2eaf0964591f68406887bcb7993c15c275593e1a2f9ffd2f3c1bb6348156e3b","Peter","Khan","False","8395","Hot happy far deep"
"32","stephanie91@hotmail.com","pbkdf2:sha256:50000$BZUawIQw$397c3040a3753cb9ab449ce448c172acf9aad7ce48dd768af335e784d4bc077a","Judy","King","False","675","Statement role"
"33","stephenbeck@yahoo.com","pbkdf2:sha256:50000$RXaqIilP$2337bdb21ee265f858b6907d0a03e88c7548d59dadcfff0d3194a59ae0dd7f8b","Leah","Bell","True","3092","Glass evening"
"34","aliciarobinson@gmail.com","pbkdf2:sha256:50000$lPlRaeTQ$0c74b04eb6a9921d3a6b75e5514c70d5790bad7611b7a644684dc89cd4828544","Elizabeth","Wallace","False","8408","Page nearly mind"
"35","alisongreer@yahoo.com","pbkdf2:sha256:50000$72vai2VB$d154f0c2a2b3ad03ff3ed9efc83ec67add790c0f3b190fe2d2c34c3c4f32e33e","Madeline","Stevenson","False","9591","Then investment scientist"
"36","jasondavis@hotmail.com","pbkdf2:sha256:50000$NWd27kWQ$e1917553c4d3d90bed0eb876ebe1de21b0e9fb7d43880bb2f80247838d184836","Valerie","Charles","False","8567","Laugh wind action"
"37","aanderson@hotmail.com","pbkdf2:sha256:50000$EFniGGxd$b60d208193fa0d30eb1afe9a1dc775a64a9b9a863b7c9246405b3fe842f966f5","Timothy","Hayden","True","7864","Hotel result instead"
"38","tgilmore@yahoo.com","pbkdf2:sha256:50000$kJt5l2sH$a72c472bb97a5b5cfbe367f05b22eebb17d8488292ffe209b432baa5fe66e632","Kenneth","Castro","True","2683","These tonight food"
"39","justinbonilla@hotmail.com","pbkdf2:sha256:50000$emdgtmHR$5f4cb6ae7270c93f0df5ad6f7c9ce303b48804ff5dd469656a44fa6ef988be52","Daniel","Patterson","True","4727","Child push it why"
"40","richardsandrew@hotmail.com","pbkdf2:sha256:50000$5e5JYTfi$1e78f47b18332b1f1ceb006cefdf77c2ae56e107af899d428de1c820a6744591","Jordan","Parker","False","1665","Remember parent"
"41","kimberly24@gmail.com","pbkdf2:sha256:50000$IqYLZ2Qy$9d2650b456e1a1fe96c5f59175060ac6a07ae8bb1969b79c27c4d7d25b80868b","Frank","Galloway","True","1303","Possible account question dinner"
"42","rebekahsmith@hotmail.com","pbkdf2:sha256:50000$YZ7VMyXf$8db1e96787823578bb96595b1e06577e93ba3e422bc5a632484a5d2e7513e479","Ricky","Barnes","False","2526","Computer either total"
"43","turnersamantha@yahoo.com","pbkdf2:sha256:50000$UnjBt6ZJ$4bff8de8519a6529b87e283aa68cd10e27801f6fc16aa25638e867ac71c47587","Kayla","Long","False","5404","Think person"
"44","myerstodd@gmail.com","pbkdf2:sha256:50000$gY6QPk43$c5e5d1af62aa58c0feccde5f6f2f1dcc17d029e8b1677494ccd7773bd44f0ce7","Matthew","Duarte","False","945","Character build"
"45","collinsgordon@gmail.com","pbkdf2:sha256:50000$VOPukOv0$03d53c5188dbe0d8e384805e8bfe051a1ca52edd0e6b02dac78fef3707a5d8b0","Emily","Crawford","True","6878","Part full your yeah"
"46","brendalopez@yahoo.com","pbkdf2:sha256:50000$IOrhU3uH$dc4712871be8929f4dbc0e0c767836de7a583a223994486640c474e6ec02a6f0","Gary","Lambert","True","4065","Why break voice middle"
"47","lindsayturner@yahoo.com","pbkdf2:sha256:50000$5uY4KTiW$f9a61720c0f97f6ae652f5d1a0ffba2b8ac8e00892e39aa242d8f5c300b8a78b","James","Klein","False","8015","According foot choice space"
"48","amandarobinson@hotmail.com","pbkdf2:sha256:50000$Y9h2hzue$6f40c039c5dc9b5f257b07280191521d7cd3855ce72e3fe9a7b199bb8c43c64b","Christopher","Barber","False","2777","She open answer"
"49","gstone@yahoo.com","pbkdf2:sha256:50000$jJpRLCgI$f2b963f30019be5d596b1eb4ffbdd1416a9e7e2366ebcbdf5885d72686813c35","Alexis","Williams","False","528","Manage wind answer stock"
"50","johnrivas@gmail.com","pbkdf2:sha256:50000$UoNBLb3t$04c5ca10e803dc630e59d622d935603170e79653b7a7af30a4dd7c8b2b40c27d","Dawn","Cannon","True","1993","Worker professor wife get hospital"
"51","powelljudy@hotmail.com","pbkdf2:sha256:50000$pSjRc02u$15e8185e99d7df47eea329fa274970b768ef11eb1130e9fb2cfdb242b074f0fc","Francis","Lynch","False","4020","President board bring"
"52","edwardsryan@gmail.com","pbkdf2:sha256:50000$f8Kyi246$b0f820d2725b39589b5b64afeebf744efbce67f1d33ae3d0d050b46f58061b50","Albert","Oconnor","False","831","Factor culture pretty drug north"
"53","pachecomaureen@hotmail.com","pbkdf2:sha256:50000$CmK8ydib$d40cce26adc81550c145c3eba600205100b60eb10608119dad6aaa203dc0e2ca","Peter","Ellis","False","9129","Number property view"
"54","charles50@yahoo.com","pbkdf2:sha256:50000$1JYoEwF5$3072598faf5c94a498562476ca6ec2a034a2283c1d20387fcbb977749e761929","Kristen","Gibson","False","5880","Far enough ability citizen girl"
"55","ashleyfernandez@yahoo.com","pbkdf2:sha256:50000$qSyhfm9h$8311984b501c4cf432071614332f48b168d6a8b7b758b4573353456e29a154db","George","Cook","True","4300","Although well far"
"56","connor24@gmail.com","pbkdf2:sha256:50000$GviiGZvQ$7dba3a235cae626dfcd5bb55a939fb5f440dbd0fc6ff1528aabde2f67dbfe199","Cody","Valentine","True","1325","Someone environmental production standard"
"57","rward@yahoo.com","pbkdf2:sha256:50000$hMSkcdLr$9ba259845ee7f83037b2f20f3b348ec24cfc7726726cc299e0b2fc9a6e5d4164","Jacqueline","Roy","False","504","How still general something face"
"58","pamela20@gmail.com","pbkdf2:sha256:50000$XPuFb2uT$ce1edf91e399d2c8e70d567461891fd0080675e19fc477cc2064ec100b2f2919","Russell","Rodriguez","True","5980","Head friend"
"59","davistimothy@yahoo.com","pbkdf2:sha256:50000$MqKnPMFU$0937748713eedc656a9d49b9537cd46702567629ae03be11a758bf81280d9aab","Mark","Cook","False","3899","Always now life"
"60","mcbridebradley@yahoo.com","pbkdf2:sha256:50000$VRuburpe$92dbe797a3c878c65cf6cd39ea99507b29eadef92d17d15b0e0a549cba397396","Kerry","Johnson","False","228","Moment better of music defense"
"61","ynelson@yahoo.com","pbkdf2:sha256:50000$ix3q696l$dc7c58f24656e66b54541be48503b7dc23dc11cea8a415c7f48fc7c92f22cce6","Melissa","Myers","True","3402","Field crime"
"62","uhill@hotmail.com","pbkdf2:sha256:50000$j73TPyaU$50b20262d1f6b4d6206f7429a2956e605bbf30c9cce26a242704d4dd6530840f","Amanda","Ali","True","7647","Wife present although president across"
"63","colonconnor@gmail.com","pbkdf2:sha256:50000$cewhRFKP$4b27acc70f21a8bd21bedafda9d2054683161e4c183886d20077b95f282a6b02","Thomas","Schaefer","True","6796","Much right phone"
"64","kmason@gmail.com","pbkdf2:sha256:50000$gb4NiWQc$b42f995a30657cc2916722b1f3087cfb6a0e521b93f69c1af4eaae308a461d73","Kayla","Neal","False","5366","Professor will themselves"
"65","qwilliams@yahoo.com","pbkdf2:sha256:50000$KtLXXDmR$e2853f9fbb9aef62e20f247d79bb32b441044b32ee87289295bb581363b0cf38","Meagan","Graham","True","7138","Ability wide attention fact level"
"66","snyderlauren@gmail.com","pbkdf2:sha256:50000$x0gsLn8W$78778082d0308990f00c6035f5ab13e6240fb082a10f4b623f93e01daaa0d806","Tiffany","Kim","False","1311","Rise pick suggest woman"
"67","gregorymontgomery@hotmail.com","pbkdf2:sha256:50000$igzizIDy$69e980696b2bfe291faea03e15c56e102e34aca96b876e344eb2c119f5467c92","Stephanie","Garza","True","8205","Around ground left north"
"68","mark31@hotmail.com","pbkdf2:sha256:50000$e4KlBLjB$652ee897ef1191993cb22c32d6978db3c84c89ce9d89c55762deb5f0a6faebd6","Ashley","Jacobs","True","792","Recognize their"
"69","nicholsstacy@hotmail.com","pbkdf2:sha256:50000$mvBZGvwS$906acce007539d038b8b6955dcfcf0e0416b5f7a06f8038db03fcd76c8bf35a5","Julie","Washington","True","3183","Size move red"
"70","jacksonmorris@hotmail.com","pbkdf2:sha256:50000$POvXePNm$2c440bcce3b61d594d82903f9fa25e931a27b2ae5f995f03662a63be42c062ad","Edward","Ochoa","True","7388","Surface concern law enough"
"71","edward63@gmail.com","pbkdf2:sha256:50000$qKez0xG7$66d659c217f86bcb1611793cf4345d5c4c669e2247bf42b903e99b7e2b7094c3","Valerie","Jacobs","False","6246","Main feeling bag"
"72","petersonmichael@gmail.com","pbkdf2:sha256:50000$DKd97sdM$5c9c28163883c17d23f59ffec508c5d3d83a1903ff767b23562851c230227895","Dale","Brock","True","838","Western Congress"
"73","aharris@hotmail.com","pbkdf2:sha256:50000$vV4PAOfr$16c10921c262b5f4d075280e0995348d89c7c0e611264192f1840147fe6daeff","Christopher","Carson","True","7053","Long civil anything court"
"74","andrewcole@yahoo.com","pbkdf2:sha256:50000$Lui6BNTf$9e73a001413892df3103748a537811a5930e135bcae42845366b27fc8f6b210f","Tamara","Gonzalez","True","3392","Ready avoid government"
"75","sandrafowler@yahoo.com","pbkdf2:sha256:50000$dNaaBckI$feb20d879b54f4a0f57ab97d319e7bdabb6671037bf317603dedb4fb106346b1","Robert","Gonzales","False","1752","Name material standard"
"76","buchanancourtney@yahoo.com","pbkdf2:sha256:50000$fqTnCgLH$78c6593d9e6b20fc7ca13912d1b1f14be5654e736e9d84edf2e00e4727a2db29","Leslie","Pugh","True","391","Stock window safe rock identify"
"77","fphillips@yahoo.com","pbkdf2:sha256:50000$epYeP8AL$f1c809ec7630390ff7294b36d8d0b0783fb5db92815c2e6e8313b30db06eb799","Michael","Livingston","True","8883","Well list per camera much"
"78","ethantucker@gmail.com","pbkdf2:sha256:50000$Px0GHQZy$0d1fc0445c313cf8f7bf4b7ad4278652516b0385105ba30fa63b0d2a5597b1f4","Cory","Bowman","True","9760","Technology there question"
"79","kayla57@gmail.com","pbkdf2:sha256:50000$thNYiANE$b33d67e0a94ee40786e1413c55a981f622c3b1f0bbcd6279af4acb8aab2f275a","Sarah","Wright","False","2234","Everybody camera treatment"
"80","barrettronald@yahoo.com","pbkdf2:sha256:50000$odB4GLCg$560cdd6abbbdebb58df3ab0f728ec825d6494252456904eed93fa84897e9c69a","Eric","Kramer","True","7818","Shake dog"
"81","elizabethyang@gmail.com","pbkdf2:sha256:50000$lpeJNfwc$b70585b4dcdeec66632bdaf47b9103dac963a9b8d832e25e7be6075bd1374d96","Savannah","Miller","False","3905","Boy as among easy describe"
"82","rlewis@gmail.com","pbkdf2:sha256:50000$RR3SFcOP$b99326361c32af27076e269964a26c3a4f171199ee1380cda1208ef9645ff45a","Katherine","Anderson","False","5998","Film design newspaper"
"83","zrodriguez@gmail.com","pbkdf2:sha256:50000$MoJSYJTU$8d3373a2eccc1401fb256d086e1a5d837b46f1ab3da8e02601a1a4bbf8e18d6d","Lance","Phillips","True","9220","They team after"
"84","tanya55@gmail.com","pbkdf2:sha256:50000$A9hPtvqz$ebc08cc9280b378de6697f194cd69844215368155bd81b6f28f54cb7bad6d0de","Jeffrey","Smith","True","1377","Garden soon stop"
"85","alexanderpamela@gmail.com","pbkdf2:sha256:50000$SF4N0wPQ$3dbfac7b590e87c4442d828ed070af6552b502eba20886ef4a034e11cc0f1760","John","Davis","True","1348","Let responsibility"
"86","mike86@yahoo.com","pbkdf2:sha256:50000$0BLVEGyr$910a871b8384b92f171d59ce71f873ac03053d73b0aeb4f109a9099044a18f2b","Brittany","Frank","False","7356","Eye again space"
"87","richardcollier@hotmail.com","pbkdf2:sha256:50000$2i5eCcTq$4c9682e8ef26bf904333333b4ec8f382c10b198f299de11e2983d884cca8a39f","Ronald","Rangel","False","2823","Start college wall civil in"
"88","dhutchinson@hotmail.com","pbkdf2:sha256:50000$O1IyX9Ll$cb789dd02ff982c53c0bf94aa8a33773e8d74bb177c89b65f00bf1f52b6d88cc","Laura","Johnson","False","2281","Figure though"
"89","timosborne@hotmail.com","pbkdf2:sha256:50000$R7Adr2lQ$58445a400a8626de9757d3d770a70021195e30ae4a8e32f8728370be68dc510f","Samantha","Taylor","False","4269","Anything side low approach"
"90","lisamcdaniel@yahoo.com","pbkdf2:sha256:50000$ZGnuTVcP$03e602860136de0390fcb82bcaa2f30e6a0a29fc89959d78fce711a78abbc698","Patrick","Bryan","False","4428","Record produce cause"
"91","maurice65@hotmail.com","pbkdf2:sha256:50000$HlheQsWX$ce2fbc72ebb53d7358025fd41db749feb1e1fadc01e13c61e4efcfa85f94c07b","Krista","Thompson","True","5415","Identify stand positive record"
"92","staceyrichardson@gmail.com","pbkdf2:sha256:50000$UrXlH9OA$47f87648495f69c4726cbf3f121fce3a187f346c1291340428c3d66fb6c3a62d","Jasmine","Murray","False","4494","Matter ever stock"
"93","marywagner@yahoo.com","pbkdf2:sha256:50000$2pEARIz2$4af40cb7df93fd1e3064dd6b2ea104efa1a9696aa78b41c1d2f2b9d6db5b714d","Benjamin","Jr.","False","9241","Book list"
"94","david98@gmail.com","pbkdf2:sha256:50000$Fkyllh46$09f84de145f80443b7494a53d3c627fd5253309d860fb1305e93b02714f6378f","Kevin","Clarke","True","3639","News like today"
"95","dickersonvanessa@gmail.com","pbkdf2:sha256:50000$JAg9UYNO$a0e0c093a41dae73984898bb8badf0d39f246bd07c9444913df2c071e44cd274","Stephanie","Montgomery","True","5930","Skill middle theory ok"
"96","athompson@yahoo.com","pbkdf2:sha256:50000$PxPZ30Nu$87a69ae062b56e5eb1f2733e55faf230091f3535fc2167867d6426bc691124e8","Erik","Evans","True","5645","Fine over red teach time"
"97","dukesara@gmail.com","pbkdf2:sha256:50000$iUiWSlJB$9bfc964c88d10c02d170b69175498236bdadd148ecae869a7d99e33b74c47f4a","Lisa","West","True","3293","Act place go"
"98","zachary71@hotmail.com","pbkdf2:sha256:50000$ARci3Zjl$97857035cf017f25b1fcc0eb21a432e35785fcb72aef4e84991a53e0933cd87c","Theresa","Johnson","True","1322","Somebody nation arm their"
"99","abenson@hotmail.com","pbkdf2:sha256:50000$DFunE8CU$6a0f215b2ff79f356dda6a60334b652730ebef1edf278903e4f0a38898d1161a","Rebecca","Brown","True","4440","Should keep"
