"0","tamaramorrison@hotmail.com","pbkdf2:sha256:260000$rAp5RQpe51XdGtST$5904107a91aec953a1d4399955f51c73f5ec2871a957ac1ca3ac67b94dc89d06","Gary","Cross","False","1501","Something first drug contain start"
"1","susanlopez@gmail.com","pbkdf2:sha256:260000$i56vGmN8e8TIUqIl$e8e498c5c4303c2e55c2c7af481cb3fea686f2f947c80c93cefccbee26429733","Jacqueline","Jackson","True","1000","Name per"
"2","olopez@gmail.com","pbkdf2:sha256:260000$wnka7g2DRGeZwiVO$f62e621205c079cc3b6444052fa022a81cb1a1c4a4313b4e4ec73862fb84bbd3","Melissa","Moore","True","241","Wear individual about add"
"3","hoffmantimothy@yahoo.com","pbkdf2:sha256:260000$1hmYGYsD2pS4qk6n$60467350411f1e1c8dbaa489a6a4213eaabaac16714afcc64c920f38642f1a09","Chris","Cook","False","2036","Break marriage also friend"
"4","amyvelazquez@gmail.com","pbkdf2:sha256:260000$gKeoz43IgCdZ7eFO$f58671cf7fa6150c782e42a0973c3ef54af61a22cce79e558ee370c7122d7e16","Dr.","DDS","False","5272","Modern themselves"
"5","pbrown@gmail.com","pbkdf2:sha256:260000$2FhB20JnyfEad5XK$9a37e4908c5c98640a562d71f1cd228281f97deb42b1f5a1131b36134053b74a","John","Gibbs","False","5472","Walk loss"
"6","ujohnson@hotmail.com","pbkdf2:sha256:260000$1gCNrbfKANRAy5vE$229b61eb0d0523b87f01746aa5a04b2df75a09f86ad970ed4bd7e0ef973c4e99","Tony","Estrada","True","5775","Building reality"
"7","jyang@hotmail.com","pbkdf2:sha256:260000$MxNr57yR77pAxAQh$74dd047c6d2c4c4f9020d6727ded17f251d7c8bac39d6e97cab0afef12d2f768","Willie","Garcia","False","5809","Easy plan"
"8","caitlinjohnson@yahoo.com","pbkdf2:sha256:260000$XL2XEZKBvFVG79RG$807bf7055079539dea125c3f7c5d377abeb711a2f15388b1ab7727407dd57a28","Edwin","Mack","False","1936","Teacher three seven attention team"
"9","brendawilliams@yahoo.com","pbkdf2:sha256:260000$gEjI1iAHgIrpG5sE$60a87ab408738148553ad385adaf29914c4e8567d5be491199ba4d49cb4ecbe4","Laura","Lee","True","1387","Hair sea quality"
"10","falexander@gmail.com","pbkdf2:sha256:260000$88Ftx27cHd72x4OC$7a8d9eb05a8f0a6edd53dafb45af475044bd019d6185b3c5e5335b7ced0c17f2","Cheryl","Miller","True","2519","This degree partner stand"
"11","kathyharrington@yahoo.com","pbkdf2:sha256:260000$Re6cjGtvzIK5useB$a3203367395a29bdd49161655748e58cf86a48b7ae5a54032e570b32aad189dd","Mitchell","Payne","True","3855","Staff service government"
"12","qsmith@hotmail.com","pbkdf2:sha256:260000$uwgnv2ZFngfRncqa$cea298f0010110913b9a361e88708438cff12923212dcb87cb08db53bbf368ba","Katherine","Brown","False","687","Tv important hope about catch"
"13","powelltyler@gmail.com","pbkdf2:sha256:260000$7f3vDc4BPaAbGZ8z$b90013646ed7a5b8ef320d215ff45ba98552f2d3f31f17542066014597603c06","Stacy","Crawford","True","4160","Reflect upon yet seven several"
"14","meganbrady@gmail.com","pbkdf2:sha256:260000$gikeC7SUFt7WuN1o$97e392be925957f8def7a70d2fc1374e2b3c22bb0cb64ffd650fbebfe55c2210","Amy","Fowler","False","5913","We no in pass"
"15","blairapril@hotmail.com","pbkdf2:sha256:260000$P6K1J0spneOsl8Bg$353cb1107720bc904c847dfa78b1209ef565c13ed743bf74507e20b92a2bd12e","Hannah","Smith","False","2952","Son spend ball company"
"16","nkelly@yahoo.com","pbkdf2:sha256:260000$iG9vzCnfb4XHT6ys$8f930b1c2f450a4c119ebeac4b436e48b54c78023a9e734e4183f9004b789047","Kelly","Rogers","False","9219","Include air sort couple"
"17","andrewholloway@hotmail.com","pbkdf2:sha256:260000$ANtC2ILToe2Kq21q$abcc0397e44a9946da2017ec6e26f44d6223a827ef133cc5914a5963ade6b95e","John","Barron","True","773","Of challenge"
"18","carterryan@hotmail.com","pbkdf2:sha256:260000$cqSpfUmYVcUaTj9d$2e95722cb2ea2d4b57bcd85f504f230b8d98e0a1ce19ea672aaafd7287692ad3","Micheal","Munoz","False","6146","Get car party"
"19","deleonwilliam@gmail.com","pbkdf2:sha256:260000$AHYWgh5udPYRMqKF$85a25e5b06794581100bb0e39e2b2364790015942f013e27e1fc0df83d5512c0","Maria","Harris","True","8472","Part decade remain if"
"20","brendagonzalez@gmail.com","pbkdf2:sha256:260000$a3jMuxwZErcoddlB$ebeb40deb942fe31d4919ec4e61c0e55d7328cbcd1f7c19c00b99229ca86efe5","David","Diaz","False","1753","Nice themselves gas best"
"21","davislogan@gmail.com","pbkdf2:sha256:260000$M1GOt8OvCta94QoL$40b87f1442b127094774bf27f570a15cbaa1229685fce56a67653e726a380ce7","Brian","Reyes","False","796","Side image enjoy rise condition"
"22","spencermorgan@yahoo.com","pbkdf2:sha256:260000$fGE6UijE9YUBLXBI$ded90289e2dfa4079b6c60870452fa751b3c698cc11d5388f47f862f4e360bb4","Anna","Landry","False","1286","Measure star tell law go"
"23","angela30@gmail.com","pbkdf2:sha256:260000$wEBOwYaeBjcUgFOq$c3e6eb6673117ed765d407d7995a9615cafda5cd9ef0f24d91fb1723437f0d48","Cody","Crawford","True","3978","Them particular produce board"
"24","jeremy94@gmail.com","pbkdf2:sha256:260000$6GTesUbX3LBrwZtE$6c1adeb724362ecb378a86d3ac4593d6e13b4e6961488c7af34859ce8fb7c9a5","Joshua","Miller","True","5169","Once machine western month itself"
"25","millerlori@yahoo.com","pbkdf2:sha256:260000$EFd566SeOx3jrHSB$438d524f6d763400078b05f3fdf82ede4a0ce3d521de47ba21b25111c9935668","Kelly","Casey","False","575","Particularly factor"
"26","parkermadison@gmail.com","pbkdf2:sha256:260000$r9wV49rDtcHodJnl$5d3f414b78532de8cd889a45d336b0231fc0a1c811a9e4e7c7dc0486c4f291fb","Danielle","Beasley","True","5933","Including month matter environmental issue"
"27","maria48@hotmail.com","pbkdf2:sha256:260000$yEEMzkFWDA4rkIBc$7e8b85f29e13d8213dd7b059a424edb69d08359c6cc3e493f6d7aa6b3bcc53d7","Brooke","Sanchez","False","2189","Look safe"
"28","jack27@hotmail.com","pbkdf2:sha256:260000$zCBNkRHanifMBarY$58a6d5c1f3df9881e3fb9c3591c0f5cae1deb9680ee59368eaecdd9ad2509eac","William","Smith","False","9614","Wait technology town approach today"
"29","edwardslori@gmail.com","pbkdf2:sha256:260000$GZ7pjv9lac3EOJXe$56fd0a8ac56dc3cbbd146c37e52092e6c35075897e5d3ddd8b5a61332d8af654","Nicole","Olson","False","9489","Any include try"
"30","harnold@gmail.com","pbkdf2:sha256:260000$wfR3kNPa7Ze7PV6S$3e09f4c21ddb93cbf09a4eedaeb7ae7598e38658c4265993550cb8e1d93c9d63","Ashley","Cook","True","6547","Finish these century alone popular"
"31","cherylstewart@yahoo.com","pbkdf2:sha256:260000$5euInj2ak9etyU70$0e4fc6919770a71c625d121871fa86fdec0a24c4716987f6da037747fd366d84","Peter","Khan","True","8395","Hot happy far deep"
"32","stephanie91@hotmail.com","pbkdf2:sha256:260000$p7lUA2dRudQL1Px2$b4125967c69dd4131a36d15cd6014d633f5c112755a126778f3b68b895b762ca","Judy","King","True","675","Statement role"
"33","stephenbeck@yahoo.com","pbkdf2:sha256:260000$6EcIDME2SvFcVI81$9f9ad541876c985fa3f32023cfc948fc41b5a352a68c8f6d6b96045a2786a8e6","Leah","Bell","False","3092","Glass evening"
"34","aliciarobinson@gmail.com","pbkdf2:sha256:260000$aY9Nw27pXWqzIHjR$0225092a47d6396f53962a09c641836633c8b4ae71059965784603f9366dcd25","Elizabeth","Wallace","True","8408","Page nearly mind"
"35","alisongreer@yahoo.com","pbkdf2:sha256:260000$zFNpPZtoe63FGFdo$1084fb37e818cf50588adb839632257b5e6ee736bb4cf14f0998600c0d950a26","Madeline","Stevenson","True","9591","Then investment scientist"
"36","jasondavis@hotmail.com","pbkdf2:sha256:260000$rDbNy8d0GSKnMRBg$6fd21890fd8b26e2a8c18757347d46981cdefa60d4931022f6983af10ffd3fdb","Valerie","Charles","True","8567","Laugh wind action"
"37","aanderson@hotmail.com","pbkdf2:sha256:260000$g1DoQd7X4CZyL2HJ$f824ff3b6b6eb4ff1ee6c78ea5c5ec38ea87e344e8f53425546c00f17ffa57f2","Timothy","Hayden","False","7864","Hotel result instead"
"38","tgilmore@yahoo.com","pbkdf2:sha256:260000$a6lWMzIZuxIMXhcH$aa873d40e5c353aa0d0f085a9eb72b97d3e3efde1e33e427723a079bb8fed079","Kenneth","Castro","False","2683","These tonight food"
"39","justinbonilla@hotmail.com","pbkdf2:sha256:260000$WpiR7kxmigmkNSwi$450b25ddf823c64b69713035f0ef1c0ddf5094f8f762d21bbbe87362e76ecbc5","Daniel","Patterson","False","4727","Child push it why"
"40","richardsandrew@hotmail.com","pbkdf2:sha256:260000$Uzg5uz59KCPtvrIS$ac5b8c90aeab0da9b6dabaa9d854f66e14aad307aa679ee0c145dfc36c417164","Jordan","Parker","True","1665","Remember parent"
"41","kimberly24@gmail.com","pbkdf2:sha256:260000$cUVTZrQfG7zW95Kw$5e65ff76efddc7e7ddf2627b143dbe1687c2a8f828744c9589f238cf65953bec","Frank","Galloway","False","1303","Possible account question dinner"
"42","rebekahsmith@hotmail.com","pbkdf2:sha256:260000$8jxDpcVhZa49uLN0$b159a5ed97faf0e1cb963878f16b08d86ceecb7cd049cadb705eb65b8372725c","Ricky","Barnes","True","2526","Computer either total"
"43","turnersamantha@yahoo.com","pbkdf2:sha256:260000$S21Yzi6ed9r6nht0$0abe2a889cb5e847ce7c180a79ec5febf51031ddbf6e6f2c6a3d6f0a864ab29b","Kayla","Long","True","5404","Think person"
"44","myerstodd@gmail.com","pbkdf2:sha256:260000$DlZOg9wQtUTjY6O1$a1c1442b33ce4de43353404a65df20ec67f79069083b03dd4e84e100e0b3e580","Matthew","Duarte","True","945","Character build"
"45","collinsgordon@gmail.com","pbkdf2:sha256:260000$H2J0t7lSxWWKyiwv$dac659abe7695c3a4f393375167bc645875a43e073b526fce3ee60d5b5535c6e","Emily","Crawford","False","6878","Part full your yeah"
"46","brendalopez@yahoo.com","pbkdf2:sha256:260000$JtubJ8B22KHEqkdp$ef027584136e9de6bd1796535106d60a5bdfa7263763e059ed1ca385bf4c310d","Gary","Lambert","False","4065","Why break voice middle"
"47","lindsayturner@yahoo.com","pbkdf2:sha256:260000$PVlPbNsMDDCkJDMf$3f653a928f43f6b73fdd98ab7ed28bcc84a7a870d6c6382f81d6b14518b4e5b4","James","Klein","True","8015","According foot choice space"
"48","amandarobinson@hotmail.com","pbkdf2:sha256:260000$VAjzot9K4Ury3fZm$58316f65447a8580fc9f991e6a4d809604e5955a374464d3abe234836a599683","Christopher","Barber","True","2777","She open answer"
"49","gstone@yahoo.com","pbkdf2:sha256:260000$PQIeVM81uTb59KIU$639b80953a5aed31966e50673fe6193930db295e33ea94e8ce8ae10b175371ef","Alexis","Williams","True","528","Manage wind answer stock"
"50","johnrivas@gmail.com","pbkdf2:sha256:260000$pBkUFr8TZSewNmJL$bac38e115588756aa5a7556a5b6a119545d20b70dd7f50fc616884dfa2ea067d","Dawn","Cannon","False","1993","Worker professor wife get hospital"
"51","powelljudy@hotmail.com","pbkdf2:sha256:260000$zyeFaTxtifXmoSwg$aebc164091ac8e3f29ba8c8f3f903b74e84c886970f441f3a37a1e2cb87f05c2","Francis","Lynch","True","4020","President board bring"
"52","edwardsryan@gmail.com","pbkdf2:sha256:260000$eNX6XaUrZP80VHu0$b71af4cec97db3fd611ac5fd29d3b4717769be4a4c5e0edbaa76894f2d3353c0","Albert","Oconnor","True","831","Factor culture pretty drug north"
"53","pachecomaureen@hotmail.com","pbkdf2:sha256:260000$YX90GzihI9JHNw1N$766d8d72e3dfbae78c43e6db9c19248c52fd307ff9e417e2a02f2cc19aa6895b","Peter","Ellis","True","9129","Number property view"
"54","charles50@yahoo.com","pbkdf2:sha256:260000$k42WO9ZISzfu0Ob8$9bd5112aa1b9be40657381e8627e91a21505c8e0d61b5d955cd8fac629c8e80d","Kristen","Gibson","True","5880","Far enough ability citizen girl"
"55","ashleyfernandez@yahoo.com","pbkdf2:sha256:260000$S102oz27SvLecrIc$ab0f42692edeac2908a37f1f889d8d3076134c5b5c43afad2556608bd2ae9ae0","George","Cook","False","4300","Although well far"
"56","connor24@gmail.com","pbkdf2:sha256:260000$uRbm6EnyCDArLrsC$9975eea09411344548b38d05465186385af3bab0fcb47fb08a8fd05ab8521259","Cody","Valentine","False","1325","Someone environmental production standard"
"57","rward@yahoo.com","pbkdf2:sha256:260000$xmSJ1BvzkriejN5E$3e04bda3f19d9de94a034143af0ff249de59819ff1663f22a7788f2b3ba37f39","Jacqueline","Roy","True","504","How still general something face"
"58","pamela20@gmail.com","pbkdf2:sha256:260000$zA1RAHpTj4UCd7rD$0019d3ae658d5825da581537ae143dbaa9edae90eeed1998179d0d80726533bd","Russell","Rodriguez","False","5980","Head friend"
"59","davistimothy@yahoo.com","pbkdf2:sha256:260000$YHzdWoPWgGvaqaaC$457daebb2426f540a2f1c0bf46efb544cba8dcf87c97fc3a2a7ec280b7e7f2b7","Mark","Cook","True","3899","Always now life"
"60","mcbridebradley@yahoo.com","pbkdf2:sha256:260000$ejhLKsZAjb3e9GKm$bd73a178d36060dc95a86c48577ab6d0584fa87de12ade4333d3802025581ebe","Kerry","Johnson","True","228","Moment better of music defense"
"61","ynelson@yahoo.com","pbkdf2:sha256:260000$JLqQEPKljhEvPu3n$7cb5bfcf9bf1f94502c551af05a9465b4d48aa59b6c26ebe973f8de8f3268fed","Melissa","Myers","False","3402","Field crime"
"62","uhill@hotmail.com","pbkdf2:sha256:260000$XbstyW9fJEBS5FSb$eac7768c89241e72171d64cdbe4c20df85e0db173cc23bafc29b1cfcd268d945","Amanda","Ali","False","7647","Wife present although president across"
"63","colonconnor@gmail.com","pbkdf2:sha256:260000$504PmIU3DWZ1cMBt$0ec7fb0424f7c1e56beff71740054faca6b7102f85372a858f4c76a937c2da24","Thomas","Schaefer","False","6796","Much right phone"
"64","kmason@gmail.com","pbkdf2:sha256:260000$RcQxh2Pdc3ghVAZu$c95769ccecf1ed3395ceb050c03f845fdc2224db3205f558dbbd2ba5ee4a52c4","Kayla","Neal","True","5366","Professor will themselves"
"65","qwilliams@yahoo.com","pbkdf2:sha256:260000$bqEbStK4bKcsRCej$be819d189d34ce482bd90cd69238d401e5d7d314b1c2a587598c23fc2e8cf005","Meagan","Graham","False","7138","Ability wide attention fact level"
"66","snyderlauren@gmail.com","pbkdf2:sha256:260000$5GXxYA32tRQIqJ2M$8821687b3daf9645a029e4855faebf64d19ad926c09410daed7c08e101b01622","Tiffany","Kim","True","1311","Rise pick suggest woman"
"67","gregorymontgomery@hotmail.com","pbkdf2:sha256:260000$y7SgLqDD6ZjQknSv$f22e50fba7b06b86fbf5fca09cd975ea1089658abe385d599a40628a7093e926","Stephanie","Garza","False","8205","Around ground left north"
"68","mark31@hotmail.com","pbkdf2:sha256:260000$krRoQTp6rLszTIf0$605271cdaebf283813130a9c29877558986f2af83c900f88092dba4336557b01","Ashley","Jacobs","False","792","Recognize their"
"69","nicholsstacy@hotmail.com","pbkdf2:sha256:260000$gmAva7ZxfxKuXaum$aa19af6fc2a4d90a1ee62b4fdb2db0fd3649362964c1cac22b57b266788c051f","Julie","Washington","False","3183","Size move red"
"70","jacksonmorris@hotmail.com","pbkdf2:sha256:260000$n9UAlT5qIS24YjL2$315030621ff36c799deea6cb9b3dffbc2932a7066d8a4d7bd13ff46bdd285fdf","Edward","Ochoa","False","7388","Surface concern law enough"
"71","edward63@gmail.com","pbkdf2:sha256:260000$nTn1uLsymNZXELvK$b77ec74ca0738065b0448438f1ab55f90e17fbc88431237782000a33726c0bd5","Valerie","Jacobs","True","6246","Main feeling bag"
"72","petersonmichael@gmail.com","pbkdf2:sha256:260000$8LhtBH8URH5GIB1a$7eaa0dc4ef1384f7bdeb9202e602eef62e401092ff68853d9dc5ae01e200ed54","Dale","Brock","False","838","Western Congress"
"73","aharris@hotmail.com","pbkdf2:sha256:260000$wWPE9FFJvCnxnMTx$5ddf1b5364dd5d8d87d6d505b5ae7daf53cb96772ff62671c773651e4dfd4afe","Christopher","Carson","False","7053","Long civil anything court"
"74","andrewcole@yahoo.com","pbkdf2:sha256:260000$Wt8x9fXNLKhxIame$a7a77cc5549a4848025820e95c494f6667f073df1663654b0078375592d0107e","Tamara","Gonzalez","False","3392","Ready avoid government"
"75","sandrafowler@yahoo.com","pbkdf2:sha256:260000$I4iKBzuaJf39UBbL$d71a0ae1e726cabc112da5a845d9679b5c9758a919c124e4ffc76f1cf12cff8f","Robert","Gonzales","True","1752","Name material standard"
"76","buchanancourtney@yahoo.com","pbkdf2:sha256:260000$kDyiRLwUPG3Jld84$44962765170df91605458f7870347752dc0733b1ab5851ed0c0e90383211560e","Leslie","Pugh","False","391","Stock window safe rock identify"
"77","fphillips@yahoo.com","pbkdf2:sha256:260000$EI03WXcPw9vLAwMx$9939f27b66789d0e80105b67faa476aeab33f711990179b4230521bc61e5282e","Michael","Livingston","False","8883","Well list per camera much"
"78","ethantucker@gmail.com","pbkdf2:sha256:260000$C1sdkemUEfbNxvvN$7cfc3a3c13ac283f9b897ef57bae132a999cd418bb080cbbbbd9f45716479eb2","Cory","Bowman","False","9760","Technology there question"
"79","kayla57@gmail.com","pbkdf2:sha256:260000$depglZNPX8buGiYP$c996c5065ef9f8ead2d033248434f5d643dd5656cc63803608891aa35b6345a9","Sarah","Wright","True","2234","Everybody camera treatment"
"80","barrettronald@yahoo.com","pbkdf2:sha256:260000$nMvYFMXHEyrYU0fE$ea41374a1397c4244b4fd1d34156fed0861a6602e41132ba5ecbaf04ff51220b","Eric","Kramer","False","7818","Shake dog"
"81","elizabethyang@gmail.com","pbkdf2:sha256:260000$TBrqOGDgnUTvrUDI$7dc96a1a10c8d1b7cc4b389ca033834c90248b9997f2c9c5df5e186afd7c8ecb","Savannah","Miller","True","3905","Boy as among easy describe"
"82","rlewis@gmail.com","pbkdf2:sha256:260000$d3uMT3IengiiW2TI$4b821b3e416e4ad912edb952c497a23fa602844a421501d1d92c27bbb403976c","Katherine","Anderson","True","5998","Film design newspaper"
"83","zrodriguez@gmail.com","pbkdf2:sha256:260000$BAovaIxjUz64UB3X$acbda5c894cdbd7cc381bfefdc8ef5b585120837eb1f5be6be4a0b9240b20862","Lance","Phillips","False","9220","They team after"
"84","tanya55@gmail.com","pbkdf2:sha256:260000$oULYJkaAqsYWQPSJ$1f0a93f5f30cfd8e0c5ca3dd0a0caffcf4b0cf550cc713f1bdbdaa475520db14","Jeffrey","Smith","False","1377","Garden soon stop"
"85","alexanderpamela@gmail.com","pbkdf2:sha256:260000$83KXtMdIsDxzTjGP$2e983399ffa90b74a3b8a93899cec47846aca8a9f5144618a8b02dcb08a3d2fe","John","Davis","False","1348","Let responsibility"
"86","mike86@yahoo.com","pbkdf2:sha256:260000$IGCKvcD5PlCwAvog$49dba981caa4bb12649614eebdfde6019cd0ec2ec8182b4d49720274b8c9c1b1","Brittany","Frank","True","7356","Eye again space"
"87","richardcollier@hotmail.com","pbkdf2:sha256:260000$OFPLhDLka5nZFdFB$6e100c9ba827a1d188299eab493fe2fde1cd3a74b6ad72e6252598c1a2d19570","Ronald","Rangel","True","2823","Start college wall civil in"
"88","dhutchinson@hotmail.com","pbkdf2:sha256:260000$XYAveAY65UVdFEaI$104c745a7858798e1fffc8c3204f4d74ff6205d688acdd27dce46c7eccc76b2b","Laura","Johnson","True","2281","Figure though"
"89","timosborne@hotmail.com","pbkdf2:sha256:260000$XT0FoSbusztPGWVM$cdd78c391b594e685c1daa8bca981e25dad7aef9485cf143fbcc20a0e395b274","Samantha","Taylor","True","4269","Anything side low approach"
"90","lisamcdaniel@yahoo.com","pbkdf2:sha256:260000$DAPkFY2ETXlBGpIC$814cb986c20cf7d80c843779f18ec11143d339f9d0953baf0e5f0db3c70b5f77","Patrick","Bryan","True","4428","Record produce cause"
"91","maurice65@hotmail.com","pbkdf2:sha256:260000$NU17ORrOf2nVUykq$dcf0769d627d0723e3c15a210fbf4b31d02cf0fc176fa8fbd0b02f1cf28596b5","Krista","Thompson","False","5415","Identify stand positive record"
"92","staceyrichardson@gmail.com","pbkdf2:sha256:260000$RtBQKPlyKeEyRCeS$bbdc2975ac2cc64fcbceb6c849549e934542b7a608e98b39cb8347fca8b5fccf","Jasmine","Murray","True","4494","Matter ever stock"
"93","marywagner@yahoo.com","pbkdf2:sha256:260000$LZvANy2L3xI8RgNX$1476e5e11a9c7bfddecfb271e33707d0bc0fca66042974a533172ace2af97633","Benjamin","Jr.","True","9241","Book list"
"94","david98@gmail.com","pbkdf2:sha256:260000$F2Cks65GBQer19e1$339c3213ae8ad29d23e40f4f7a95660912d66f217cfa0961b5198c84fa740658","Kevin","Clarke","False","3639","News like today"
"95","dickersonvanessa@gmail.com","pbkdf2:sha256:260000$sL75uCbkPm6sIscZ$8b5a49c5a86c94a10bd74515b2cb6505d9783bb57fe23c5f54c27e91ee3e7bbc","Stephanie","Montgomery","False","5930","Skill middle theory ok"
"96","athompson@yahoo.com","pbkdf2:sha256:260000$LkMmVriqUIsoD3wh$895a3dcdb332eeefe6471c793077cce306d7df415235c38ad8c423bb49810fe5","Erik","Evans","False","5645","Fine over red teach time"
"97","dukesara@gmail.com","pbkdf2:sha256:260000$ssQQfWQvWfZDaeeF$830254a90dc03ff4a0130ef951263ff4af7ea0748894c5166f03526475192b9f","Lisa","West","False","3293","Act place go"
"98","zachary71@hotmail.com","pbkdf2:sha256:260000$BSt1aBhkJ2rqPnQK$2e181cdd8ffc2769ea1b94ec0eca7d38852821a7b86118391e278f3224f916ab","Theresa","Johnson","False","1322","Somebody nation arm their"
"99","abenson@hotmail.com","pbkdf2:sha256:260000$aJiT1vINUVfvuEXd$b287544e8baa204ce0a5c20f5ba048dc7ddc21ff3ee852e66485dca82bdc1b17","Rebecca","Brown","False","4440","Should keep"
